{"cameraMode":{"drawMode":0,"name":"Shaded","section":"Shading Mode"},"sceneLighting":false,"audioPlay":false,"sceneViewState":{"showFog":true,"showMaterialUpdate":false,"showSkybox":false,"showFlares":true,"showImageEffects":true,"showParticleSystems":true},"in2DMode":false,"pivot":{"x":-12.650001525878907,"y":0.1970490664243698,"z":10.600000381469727},"rotation":{"x":0.0003953881678171456,"y":0.7537797093391419,"z":-0.6571269631385803,"w":0.0004530237929429859},"size":23.33452606201172,"orthographic":false}