{"cameraMode":{"drawMode":0,"name":"Shaded","section":"Shading Mode"},"sceneLighting":true,"audioPlay":false,"sceneViewState":{"showFog":true,"showMaterialUpdate":false,"showSkybox":true,"showFlares":true,"showImageEffects":true,"showParticleSystems":true},"in2DMode":false,"pivot":{"x":16.69359016418457,"y":11.633962631225586,"z":5.091065883636475},"rotation":{"x":-0.18691681325435639,"y":0.6779609322547913,"z":-0.18457646667957307,"w":-0.6865586042404175},"size":4.938220977783203,"orthographic":false}